risk_score,risk_severity,vuln_id,aliases,component,version,version_confirmed,type,source_layer,ecosystem,min_depth,dependents,cvss_base,cvss_source,depth_weight,fanin_factor,summary,reference
9.8,CRITICAL,PYSEC-2024-259,BIT-pytorch-2024-48063;CVE-2024-48063,torch,,False,python,python-import,PyPI,1,,9.8,cvss-lib(v3),1.0,1.0,"In PyTorch <=2.4.1, the RemoteModule has Deserialization RCE. NOTE: this is disputed by multiple parties because this is intended behavior in PyTorch distributed computing.",https://rumbling-slice-eb0.notion.site/Distributed-RPC-Framework-RemoteModule-has-Deserialization-RCE-in-pytorch-pytorch-111e3cda9e8c8021a7d3cbc61ee1a20c
9.8,CRITICAL,PYSEC-2025-41,BIT-pytorch-2025-32434;CVE-2025-32434;GHSA-53q9-r3pm-6pq6,torch,,False,python,python-import,PyPI,1,,9.8,cvss-lib(v3),1.0,1.0,"PyTorch is a Python package that provides tensor computation with strong GPU acceleration and deep neural networks built on a tape-based autograd system. In version 2.5.1 and prior, a Remote Comman...",https://github.com/pytorch/pytorch/security/advisories/GHSA-53q9-r3pm-6pq6
9.3,CRITICAL,GHSA-47fc-vmwq-366v,BIT-pytorch-2022-45907;CVE-2022-45907;PYSEC-2022-43015,torch,,False,python,python-import,PyPI,1,,9.3,cvss-lib(v4),1.0,1.0,PyTorch vulnerable to arbitrary code execution,https://nvd.nist.gov/vuln/detail/CVE-2022-45907
9.3,CRITICAL,GHSA-53q9-r3pm-6pq6,BIT-pytorch-2025-32434;CVE-2025-32434;PYSEC-2025-41,torch,,False,python,python-import,PyPI,1,,9.3,cvss-lib(v4),1.0,1.0,PyTorch: `torch.load` with `weights_only=True` leads to remote code execution,https://github.com/pytorch/pytorch/security/advisories/GHSA-53q9-r3pm-6pq6
8.7,HIGH,GHSA-5pcm-hx3q-hm94,BIT-pytorch-2024-31580;CVE-2024-31580;PYSEC-2024-252,torch,,False,python,python-import,PyPI,1,,8.7,cvss-lib(v4),1.0,1.0,PyTorch heap buffer overflow vulnerability,https://nvd.nist.gov/vuln/detail/CVE-2024-31580
8.3,HIGH,DEBIAN-CVE-1999-0199,,glibc,,False,system,shared-lib,Debian,2,matplotlib;torch,9.8,cvss-lib(v3),0.85,1.0,"manual/search.texi in the GNU C Library (aka glibc) before 2.2 lacks a statement about the unspecified tdelete return value upon deletion of a tree's root, which might allow attackers to access a d...",https://security-tracker.debian.org/tracker/CVE-1999-0199
8.3,HIGH,DEBIAN-CVE-2002-0391,,glibc,,False,system,shared-lib,Debian,2,matplotlib;torch,9.8,cvss-lib(v3),0.85,1.0,"Integer overflow in xdr_array function in RPC servers for operating systems that use libc, glibc, or other code based on SunRPC including dietlibc, allows remote attackers to execute arbitrary code...",https://security-tracker.debian.org/tracker/CVE-2002-0391
8.3,HIGH,DEBIAN-CVE-2005-3590,,glibc,,False,system,shared-lib,Debian,2,matplotlib;torch,9.8,cvss-lib(v3),0.85,1.0,"The getgrouplist function in the GNU C library (glibc) before version 2.3.5, when invoked with a zero argument, writes to the passed pointer even if the specified array size is zero, leading to a b...",https://security-tracker.debian.org/tracker/CVE-2005-3590
8.3,HIGH,DEBIAN-CVE-2014-9761,,glibc,,False,system,shared-lib,Debian,2,matplotlib;torch,9.8,cvss-lib(v3),0.85,1.0,Multiple stack-based buffer overflows in the GNU C Library (aka glibc or libc6) before 2.23 allow context-dependent attackers to cause a denial of service (application crash) or possibly execute ar...,https://security-tracker.debian.org/tracker/CVE-2014-9761
8.3,HIGH,DEBIAN-CVE-2014-9984,,glibc,,False,system,shared-lib,Debian,2,matplotlib;torch,9.8,cvss-lib(v3),0.85,1.0,"nscd in the GNU C Library (aka glibc or libc6) before version 2.20 does not correctly compute the size of an internal buffer when processing netgroup requests, possibly leading to an nscd daemon cr...",https://security-tracker.debian.org/tracker/CVE-2014-9984
8.3,HIGH,DEBIAN-CVE-2015-8778,,glibc,,False,system,shared-lib,Debian,2,matplotlib;torch,9.8,cvss-lib(v3),0.85,1.0,Integer overflow in the GNU C Library (aka glibc or libc6) before 2.23 allows context-dependent attackers to cause a denial of service (application crash) or possibly execute arbitrary code via the...,https://security-tracker.debian.org/tracker/CVE-2015-8778
8.3,HIGH,DEBIAN-CVE-2015-8779,,glibc,,False,system,shared-lib,Debian,2,matplotlib;torch,9.8,cvss-lib(v3),0.85,1.0,Stack-based buffer overflow in the catopen function in the GNU C Library (aka glibc or libc6) before 2.23 allows context-dependent attackers to cause a denial of service (application crash) or poss...,https://security-tracker.debian.org/tracker/CVE-2015-8779
8.3,HIGH,DEBIAN-CVE-2018-11236,,glibc,,False,system,shared-lib,Debian,2,matplotlib;torch,9.8,cvss-lib(v3),0.85,1.0,"stdlib/canonicalize.c in the GNU C Library (aka glibc or libc6) 2.27 and earlier, when processing very long pathname arguments to the realpath function, could encounter an integer overflow on 32-bi...",https://security-tracker.debian.org/tracker/CVE-2018-11236
8.3,HIGH,DEBIAN-CVE-2018-6485,,glibc,,False,system,shared-lib,Debian,2,matplotlib;torch,9.8,cvss-lib(v3),0.85,1.0,An integer overflow in the implementation of the posix_memalign in memalign functions in the GNU C Library (aka glibc or libc6) 2.26 and earlier could cause these functions to return a pointer to a...,https://security-tracker.debian.org/tracker/CVE-2018-6485
8.3,HIGH,DEBIAN-CVE-2018-6551,,glibc,,False,system,shared-lib,Debian,2,matplotlib;torch,9.8,cvss-lib(v3),0.85,1.0,"The malloc implementation in the GNU C Library (aka glibc or libc6), from version 2.24 to 2.26 on powerpc, and only in version 2.26 on i386, did not properly handle malloc calls with arguments clos...",https://security-tracker.debian.org/tracker/CVE-2018-6551
8.3,HIGH,DEBIAN-CVE-2019-1010022,,glibc,,False,system,shared-lib,Debian,2,matplotlib;torch,9.8,cvss-lib(v3),0.85,1.0,GNU Libc current is affected by: Mitigation bypass. The impact is: Attacker may bypass stack guard protection. The component is: nptl. The attack vector is: Exploit stack buffer overflow vulnerabil...,https://security-tracker.debian.org/tracker/CVE-2019-1010022
8.3,HIGH,DEBIAN-CVE-2019-9169,,glibc,,False,system,shared-lib,Debian,2,matplotlib;torch,9.8,cvss-lib(v3),0.85,1.0,"In the GNU C Library (aka glibc or libc6) through 2.29, proceed_next_node in posix/regexec.c has a heap-based buffer over-read via an attempted case-insensitive regular-expression match.",https://security-tracker.debian.org/tracker/CVE-2019-9169
7.8,HIGH,GHSA-pg7h-5qx3-wjr3,BIT-pytorch-2024-31583;CVE-2024-31583;PYSEC-2024-251,torch,,False,python,python-import,PyPI,1,,7.8,cvss-lib(v3),1.0,1.0,Pytorch use-after-free vulnerability,https://nvd.nist.gov/vuln/detail/CVE-2024-31583
7.8,HIGH,PYSEC-2026-139,BIT-pytorch-2026-4538;CVE-2026-4538,torch,,False,python,python-import,PyPI,1,,7.8,cvss-lib(v3),1.0,1.0,A vulnerability was identified in PyTorch 2.10.0. The affected element is an unknown function of the component pt2 Loading Handler. The manipulation leads to deserialization. The attack can only be...,https://github.com/pytorch/pytorch/
7.7,HIGH,DEBIAN-CVE-2015-8776,,glibc,,False,system,shared-lib,Debian,2,matplotlib;torch,9.1,cvss-lib(v3),0.85,1.0,The strftime function in the GNU C Library (aka glibc or libc6) before 2.23 allows context-dependent attackers to cause a denial of service (application crash) or possibly obtain sensitive informat...,https://security-tracker.debian.org/tracker/CVE-2015-8776
7.5,HIGH,DEBIAN-CVE-2019-1010023,,glibc,,False,system,shared-lib,Debian,2,matplotlib;torch,8.8,cvss-lib(v3),0.85,1.0,GNU Libc current is affected by: Re-mapping current loaded library with malicious ELF file. The impact is: In worst case attacker may evaluate privileges. The component is: libld. The attack vector...,https://security-tracker.debian.org/tracker/CVE-2019-1010023
7.5,HIGH,PYSEC-2025-189,BIT-pytorch-2025-2148;CVE-2025-2148;GHSA-c678-jfcj-6jmf,torch,,False,python,python-import,PyPI,1,,7.5,cvss-lib(v3),1.0,1.0,A vulnerability was found in PyTorch 2.6.0+cu124. It has been declared as critical. Affected by this vulnerability is the function torch.ops.profiler._call_end_callbacks_on_jit_fut of the component...,https://vuldb.com/?id.299059
7.5,HIGH,PYSEC-2025-203,BIT-pytorch-2025-55551;CVE-2025-55551,torch,,False,python,python-import,PyPI,1,,7.5,cvss-lib(v3),1.0,1.0,An issue in the component torch.linalg.lu of pytorch v2.8.0 allows attackers to cause a Denial of Service (DoS) when performing a slice operation.,https://gist.github.com/shaoyuyoung/0e7d2a586297ae9c8ed14d8706749efc
7.5,HIGH,PYSEC-2025-204,BIT-pytorch-2025-55552;CVE-2025-55552,torch,,False,python,python-import,PyPI,1,,7.5,cvss-lib(v3),1.0,1.0,pytorch v2.8.0 was discovered to display unexpected behavior when the components torch.rot90 and torch.randn_like are used together.,https://gist.github.com/shaoyuyoung/0e7d2a586297ae9c8ed14d8706749efc
7.5,HIGH,PYSEC-2025-205,BIT-pytorch-2025-55553;CVE-2025-55553,torch,,False,python,python-import,PyPI,1,,7.5,cvss-lib(v3),1.0,1.0,A syntax error in the component proxy_tensor.py of pytorch v2.7.0 allows attackers to cause a Denial of Service (DoS).,https://gist.github.com/shaoyuyoung/0e7d2a586297ae9c8ed14d8706749efc
7.5,HIGH,PYSEC-2025-207,BIT-pytorch-2025-55557;CVE-2025-55557,torch,,False,python,python-import,PyPI,1,,7.5,cvss-lib(v3),1.0,1.0,"A Name Error occurs in pytorch v2.7.0 when a PyTorch model consists of torch.cummin and is compiled by Inductor, leading to a Denial of Service (DoS).",https://gist.github.com/shaoyuyoung/0e7d2a586297ae9c8ed14d8706749efc
7.5,HIGH,PYSEC-2025-208,BIT-pytorch-2025-55558;CVE-2025-55558,torch,,False,python,python-import,PyPI,1,,7.5,cvss-lib(v3),1.0,1.0,"A buffer overflow occurs in pytorch v2.7.0 when a PyTorch model consists of torch.nn.Conv2d, torch.nn.functional.hardshrink, and torch.Tensor.view-torch.mv() and is compiled by Inductor, leading to...",https://gist.github.com/shaoyuyoung/0e7d2a586297ae9c8ed14d8706749efc
7.5,HIGH,PYSEC-2025-209,BIT-pytorch-2025-55560;CVE-2025-55560,torch,,False,python,python-import,PyPI,1,,7.5,cvss-lib(v3),1.0,1.0,An issue in pytorch v2.7.0 can lead to a Denial of Service (DoS) when a PyTorch model consists of torch.Tensor.to_sparse() and torch.Tensor.to_dense() and is compiled by Inductor.,https://gist.github.com/shaoyuyoung/0e7d2a586297ae9c8ed14d8706749efc
7.1,HIGH,DEBIAN-CVE-2016-2856,,glibc,,False,system,shared-lib,Debian,2,matplotlib;torch,8.4,cvss-lib(v3),0.85,1.0,pt_chown in the glibc package before 2.19-18+deb8u4 on Debian jessie; the elibc package before 2.15-0ubuntu10.14 on Ubuntu 12.04 LTS and before 2.19-0ubuntu6.8 on Ubuntu 14.04 LTS; and the glibc pa...,https://security-tracker.debian.org/tracker/CVE-2016-2856
6.9,MEDIUM,DEBIAN-CVE-2015-7547,,glibc,,False,system,shared-lib,Debian,2,matplotlib;torch,8.1,cvss-lib(v3),0.85,1.0,Multiple stack-based buffer overflows in the (1) send_dg and (2) send_vc functions in the libresolv library in the GNU C Library (aka glibc or libc6) before 2.23 allow remote attackers to cause a d...,https://security-tracker.debian.org/tracker/CVE-2015-7547
6.9,MEDIUM,DEBIAN-CVE-2015-8982,,glibc,,False,system,shared-lib,Debian,2,matplotlib;torch,8.1,cvss-lib(v3),0.85,1.0,Integer overflow in the strxfrm function in the GNU C Library (aka glibc or libc6) before 2.21 allows context-dependent attackers to cause a denial of service (crash) or possibly execute arbitrary ...,https://security-tracker.debian.org/tracker/CVE-2015-8982
6.9,MEDIUM,DEBIAN-CVE-2015-8983,,glibc,,False,system,shared-lib,Debian,2,matplotlib;torch,8.1,cvss-lib(v3),0.85,1.0,Integer overflow in the _IO_wstr_overflow function in libio/wstrops.c in the GNU C Library (aka glibc or libc6) before 2.22 allows context-dependent attackers to cause a denial of service (applicat...,https://security-tracker.debian.org/tracker/CVE-2015-8983
6.6,MEDIUM,DEBIAN-CVE-2018-1000001,,glibc,,False,system,shared-lib,Debian,2,matplotlib;torch,7.8,cvss-lib(v3),0.85,1.0,In glibc 2.26 and earlier there is confusion in the usage of getcwd() by realpath() which can be used to write before the destination buffer leading to a buffer underflow and potential code execution.,https://security-tracker.debian.org/tracker/CVE-2018-1000001
6.6,MEDIUM,DEBIAN-CVE-2018-11237,,glibc,,False,system,shared-lib,Debian,2,matplotlib;torch,7.8,cvss-lib(v3),0.85,1.0,"An AVX-512-optimized implementation of the mempcpy function in the GNU C Library (aka glibc or libc6) 2.27 and earlier may write data beyond the target buffer, leading to a buffer overflow in __mem...",https://security-tracker.debian.org/tracker/CVE-2018-11237
6.6,MEDIUM,DEBIAN-CVE-2019-6488,,glibc,,False,system,shared-lib,Debian,2,matplotlib;torch,7.8,cvss-lib(v3),0.85,1.0,"The string component in the GNU C Library (aka glibc or libc6) through 2.28, when running on the x32 architecture, incorrectly attempts to use a 64-bit register for size_t in assembly codes, which ...",https://security-tracker.debian.org/tracker/CVE-2019-6488
6.4,MEDIUM,DEBIAN-CVE-2009-5155,,glibc,,False,system,shared-lib,Debian,2,matplotlib;torch,7.5,cvss-lib(v3),0.85,1.0,"In the GNU C Library (aka glibc or libc6) before 2.28, parse_reg_exp in posix/regcomp.c misparses alternatives, which allows attackers to cause a denial of service (assertion failure and applicatio...",https://security-tracker.debian.org/tracker/CVE-2009-5155
6.4,MEDIUM,DEBIAN-CVE-2015-5180,,glibc,,False,system,shared-lib,Debian,2,matplotlib;torch,7.5,cvss-lib(v3),0.85,1.0,res_query in libresolv in glibc before 2.25 allows remote attackers to cause a denial of service (NULL pointer dereference and process crash).,https://security-tracker.debian.org/tracker/CVE-2015-5180
6.4,MEDIUM,DEBIAN-CVE-2016-1234,,glibc,,False,system,shared-lib,Debian,2,matplotlib;torch,7.5,cvss-lib(v3),0.85,1.0,"Stack-based buffer overflow in the glob implementation in GNU C Library (aka glibc) before 2.24, when GLOB_ALTDIRFUNC is used, allows context-dependent attackers to cause a denial of service (crash...",https://security-tracker.debian.org/tracker/CVE-2016-1234
6.4,MEDIUM,DEBIAN-CVE-2016-3075,,glibc,,False,system,shared-lib,Debian,2,matplotlib;torch,7.5,cvss-lib(v3),0.85,1.0,Stack-based buffer overflow in the nss_dns implementation of the getnetbyname function in GNU C Library (aka glibc) before 2.24 allows context-dependent attackers to cause a denial of service (stac...,https://security-tracker.debian.org/tracker/CVE-2016-3075
6.4,MEDIUM,DEBIAN-CVE-2016-3706,,glibc,,False,system,shared-lib,Debian,2,matplotlib;torch,7.5,cvss-lib(v3),0.85,1.0,Stack-based buffer overflow in the getaddrinfo function in sysdeps/posix/getaddrinfo.c in the GNU C Library (aka glibc or libc6) allows remote attackers to cause a denial of service (crash) via vec...,https://security-tracker.debian.org/tracker/CVE-2016-3706
6.4,MEDIUM,DEBIAN-CVE-2016-5417,,glibc,,False,system,shared-lib,Debian,2,matplotlib;torch,7.5,cvss-lib(v3),0.85,1.0,Memory leak in the __res_vinit function in the IPv6 name server management code in libresolv in GNU C Library (aka glibc or libc6) before 2.24 allows remote attackers to cause a denial of service (...,https://security-tracker.debian.org/tracker/CVE-2016-5417
6.4,MEDIUM,DEBIAN-CVE-2016-6323,,glibc,,False,system,shared-lib,Debian,2,matplotlib;torch,7.5,cvss-lib(v3),0.85,1.0,"The makecontext function in the GNU C Library (aka glibc or libc6) before 2.25 creates execution contexts incompatible with the unwinder on ARM EABI (32-bit) platforms, which might allow context-de...",https://security-tracker.debian.org/tracker/CVE-2016-6323
6.4,MEDIUM,DEBIAN-CVE-2018-19591,,glibc,,False,system,shared-lib,Debian,2,matplotlib;torch,7.5,cvss-lib(v3),0.85,1.0,"In the GNU C Library (aka glibc or libc6) through 2.28, attempting to resolve a crafted hostname via getaddrinfo() leads to the allocation of a socket descriptor that is not closed. This is related...",https://security-tracker.debian.org/tracker/CVE-2018-19591
6.4,MEDIUM,DEBIAN-CVE-2018-20796,,glibc,,False,system,shared-lib,Debian,2,matplotlib;torch,7.5,cvss-lib(v3),0.85,1.0,"In the GNU C Library (aka glibc or libc6) through 2.29, check_dst_limits_calc_pos_1 in posix/regexec.c has Uncontrolled Recursion, as demonstrated by '(\227|)(\\1\\1|t1|\\\2537)+' in grep.",https://security-tracker.debian.org/tracker/CVE-2018-20796
6.4,MEDIUM,DEBIAN-CVE-2019-9192,,glibc,,False,system,shared-lib,Debian,2,matplotlib;torch,7.5,cvss-lib(v3),0.85,1.0,"In the GNU C Library (aka glibc or libc6) through 2.29, check_dst_limits_calc_pos_1 in posix/regexec.c has Uncontrolled Recursion, as demonstrated by '(|)(\\1\\1)*' in grep, a different issue than ...",https://security-tracker.debian.org/tracker/CVE-2019-9192
5.5,MEDIUM,PYSEC-2025-191,BIT-pytorch-2025-2953;CVE-2025-2953;GHSA-3749-ghw9-m3mg,torch,,False,python,python-import,PyPI,1,,5.5,cvss-lib(v3),1.0,1.0,"A vulnerability, which was classified as problematic, has been found in PyTorch 2.6.0+cu124. Affected by this issue is the function torch.mkldnn_max_pool2d. The manipulation leads to denial of serv...",https://github.com/pytorch/pytorch/blob/main/SECURITY.md#untrusted-models
5.5,MEDIUM,PYSEC-2025-196,BIT-pytorch-2025-3121;CVE-2025-3121,torch,,False,python,python-import,PyPI,1,,5.5,cvss-lib(v3),1.0,1.0,A vulnerability classified as problematic has been found in PyTorch 2.6.0. Affected is the function torch.jit.jit_module_from_flatbuffer. The manipulation leads to memory corruption. Local access i...,https://vuldb.com/?id.303012
5.3,MEDIUM,DEBIAN-CVE-2011-5320,,glibc,,False,system,shared-lib,Debian,2,matplotlib;torch,6.2,cvss-lib(v3),0.85,1.0,scanf and related functions in glibc before 2.15 allow local users to cause a denial of service (segmentation fault) via a large string of 0s.,https://security-tracker.debian.org/tracker/CVE-2011-5320
5.3,MEDIUM,PYSEC-2025-198,BIT-pytorch-2025-46148;CVE-2025-46148,torch,,False,python,python-import,PyPI,1,,5.3,cvss-lib(v3),1.0,1.0,"In PyTorch through 2.6.0, when eager is used, nn.PairwiseDistance(p=2) produces incorrect results.",https://gist.github.com/shaoyuyoung/4bcefba4004f8271e64b5185c95a248a
5.3,MEDIUM,PYSEC-2025-199,BIT-pytorch-2025-46149;CVE-2025-46149,torch,,False,python,python-import,PyPI,1,,5.3,cvss-lib(v3),1.0,1.0,"In PyTorch before 2.7.0, when inductor is used, nn.Fold has an assertion error.",https://gist.github.com/shaoyuyoung/4bcefba4004f8271e64b5185c95a248a
5.3,MEDIUM,PYSEC-2025-200,BIT-pytorch-2025-46150;CVE-2025-46150,torch,,False,python,python-import,PyPI,1,,5.3,cvss-lib(v3),1.0,1.0,"In PyTorch before 2.7.0, when torch.compile is used, FractionalMaxPool2d has inconsistent results.",https://gist.github.com/shaoyuyoung/4bcefba4004f8271e64b5185c95a248a
5.3,MEDIUM,PYSEC-2025-201,BIT-pytorch-2025-46152;CVE-2025-46152,torch,,False,python,python-import,PyPI,1,,5.3,cvss-lib(v3),1.0,1.0,"In PyTorch before 2.7.0, bitwise_right_shift produces incorrect output for certain out-of-bounds values of the ""other"" argument.",https://gist.github.com/shaoyuyoung/4bcefba4004f8271e64b5185c95a248a
5.3,MEDIUM,PYSEC-2025-202,BIT-pytorch-2025-46153;CVE-2025-46153,torch,,False,python,python-import,PyPI,1,,5.3,cvss-lib(v3),1.0,1.0,"PyTorch before 3.7.0 has a bernoulli_p decompose function in decompositions.py even though it lacks full consistency with the eager CPU implementation, negatively affecting nn.Dropout1d, nn.Dropout...",https://github.com/pytorch/pytorch/compare/v2.6.0...v2.7.0
5.3,MEDIUM,PYSEC-2025-206,BIT-pytorch-2025-55554;CVE-2025-55554,torch,,False,python,python-import,PyPI,1,,5.3,cvss-lib(v3),1.0,1.0,pytorch v2.8.0 was discovered to contain an integer overflow in the component torch.nan_to_num-.long().,https://gist.github.com/shaoyuyoung/0e7d2a586297ae9c8ed14d8706749efc
5.0,MEDIUM,DEBIAN-CVE-2015-8984,,glibc,,False,system,shared-lib,Debian,2,matplotlib;torch,5.9,cvss-lib(v3),0.85,1.0,"The fnmatch function in the GNU C Library (aka glibc or libc6) before 2.22 might allow context-dependent attackers to cause a denial of service (application crash) via a malformed pattern, which tr...",https://security-tracker.debian.org/tracker/CVE-2015-8984
5.0,MEDIUM,DEBIAN-CVE-2015-8985,,glibc,,False,system,shared-lib,Debian,2,matplotlib;torch,5.9,cvss-lib(v3),0.85,1.0,The pop_fail_stack function in the GNU C Library (aka glibc or libc6) allows context-dependent attackers to cause a denial of service (assertion failure and application crash) via vectors related t...,https://security-tracker.debian.org/tracker/CVE-2015-8985
5.0,MEDIUM,DEBIAN-CVE-2016-10228,,glibc,,False,system,shared-lib,Debian,2,matplotlib;torch,5.9,cvss-lib(v3),0.85,1.0,"The iconv program in the GNU C Library (aka glibc or libc6) 2.31 and earlier, when invoked with multiple suffixes in the destination encoding (TRANSLATE or IGNORE) along with the -c option, enters ...",https://security-tracker.debian.org/tracker/CVE-2016-10228
5.0,MEDIUM,DEBIAN-CVE-2016-4429,,glibc,,False,system,shared-lib,Debian,2,matplotlib;torch,5.9,cvss-lib(v3),0.85,1.0,Stack-based buffer overflow in the clntudp_call function in sunrpc/clnt_udp.c in the GNU C Library (aka glibc or libc6) allows remote servers to cause a denial of service (crash) or possibly unspec...,https://security-tracker.debian.org/tracker/CVE-2016-4429
5.0,MEDIUM,DEBIAN-CVE-2019-25013,,glibc,,False,system,shared-lib,Debian,2,matplotlib;torch,5.9,cvss-lib(v3),0.85,1.0,"The iconv feature in the GNU C Library (aka glibc or libc6) through 2.32, when processing invalid multi-byte input sequences in the EUC-KR encoding, may have a buffer over-read.",https://security-tracker.debian.org/tracker/CVE-2019-25013
5.0,MEDIUM,PYSEC-2022-43015,BIT-pytorch-2022-45907;CVE-2022-45907;GHSA-47fc-vmwq-366v,torch,,False,python,python-import,PyPI,1,,5.0,unknown,1.0,1.0,"In PyTorch before trunk/89695, torch.jit.annotations.parse_type_line can cause arbitrary code execution because eval is used unsafely.",https://github.com/pytorch/pytorch/commit/767f6aa49fe20a2766b9843d01e3b7f7793df6a3
5.0,MEDIUM,PYSEC-2024-250,BIT-pytorch-2024-31584;CVE-2024-31584,torch,,False,python,python-import,PyPI,1,,5.0,unknown,1.0,1.0,Pytorch before v2.2.0 has an Out-of-bounds Read vulnerability via the component torch/csrc/jit/mobile/flatbuffer_loader.cpp.,https://github.com/pytorch/pytorch/commit/7c35874ad664e74c8e4252d67521f3986eadb0e6
5.0,MEDIUM,PYSEC-2024-251,BIT-pytorch-2024-31583;CVE-2024-31583;GHSA-pg7h-5qx3-wjr3,torch,,False,python,python-import,PyPI,1,,5.0,unknown,1.0,1.0,Pytorch before version v2.2.0 was discovered to contain a use-after-free vulnerability in torch/csrc/jit/mobile/interpreter.cpp.,https://github.com/pytorch/pytorch/commit/9c7071b0e324f9fb68ab881283d6b8d388a4bcd2
5.0,MEDIUM,PYSEC-2024-252,BIT-pytorch-2024-31580;CVE-2024-31580;GHSA-5pcm-hx3q-hm94,torch,,False,python,python-import,PyPI,1,,5.0,unknown,1.0,1.0,PyTorch before v2.2.0 was discovered to contain a heap buffer overflow vulnerability in the component /runtime/vararg_functions.cpp. This vulnerability allows attackers to cause a Denial of Service...,https://github.com/pytorch/pytorch/commit/b5c3a17c2c207ebefcb85043f0cf94be9b2fef81
4.8,MEDIUM,GHSA-887c-mr87-cxwp,BIT-pytorch-2025-3730;CVE-2025-3730,torch,,False,python,python-import,PyPI,1,,4.8,cvss-lib(v4),1.0,1.0,PyTorch Improper Resource Shutdown or Release vulnerability,https://nvd.nist.gov/vuln/detail/CVE-2025-3730
4.8,MEDIUM,GHSA-f4hp-rmr7-r7v8,BIT-pytorch-2025-2998;CVE-2025-2998;PYSEC-2025-192,torch,,False,python,python-import,PyPI,1,,4.8,cvss-lib(v4),1.0,1.0,PyTorch is Vulnerable to Memory Consumption through pad_packed_sequence Function,https://nvd.nist.gov/vuln/detail/CVE-2025-2998
4.8,MEDIUM,GHSA-vgrw-7cvw-pwgx,BIT-pytorch-2025-2999;CVE-2025-2999;PYSEC-2025-193,torch,,False,python,python-import,PyPI,1,,4.8,cvss-lib(v4),1.0,1.0,PyTorch is vulnerable to memory corruption through its unpack_sequence function,https://nvd.nist.gov/vuln/detail/CVE-2025-2999
4.8,MEDIUM,PYSEC-2025-192,BIT-pytorch-2025-2998;CVE-2025-2998;GHSA-f4hp-rmr7-r7v8,torch,,False,python,python-import,PyPI,1,,4.8,cvss-lib(v4),1.0,1.0,A vulnerability was found in PyTorch 2.6.0. It has been declared as critical. Affected by this vulnerability is the function torch.nn.utils.rnn.pad_packed_sequence. The manipulation leads to memory...,https://vuldb.com/?id.302047
4.8,MEDIUM,PYSEC-2025-193,BIT-pytorch-2025-2999;CVE-2025-2999;GHSA-vgrw-7cvw-pwgx,torch,,False,python,python-import,PyPI,1,,4.8,cvss-lib(v4),1.0,1.0,A vulnerability was found in PyTorch 2.6.0. It has been rated as critical. Affected by this issue is the function torch.nn.utils.rnn.unpack_sequence. The manipulation leads to memory corruption. At...,https://vuldb.com/?id.302048
4.8,MEDIUM,PYSEC-2025-194,BIT-pytorch-2025-3000;CVE-2025-3000;GHSA-rrmf-rvhw-rf47,torch,,False,python,python-import,PyPI,1,,4.8,cvss-lib(v4),1.0,1.0,A vulnerability classified as critical has been found in PyTorch 2.6.0. This affects the function torch.jit.script. The manipulation leads to memory corruption. It is possible to launch the attack ...,https://vuldb.com/?id.302049
4.8,MEDIUM,PYSEC-2025-195,BIT-pytorch-2025-3001;CVE-2025-3001;GHSA-qfhq-4f3w-5fph,torch,,False,python,python-import,PyPI,1,,4.8,cvss-lib(v4),1.0,1.0,A vulnerability classified as critical was found in PyTorch 2.6.0. This vulnerability affects the function torch.lstm_cell. The manipulation leads to memory corruption. The attack needs to be appro...,https://vuldb.com/?id.302050
4.8,MEDIUM,PYSEC-2025-197,BIT-pytorch-2025-3136;CVE-2025-3136,torch,,False,python,python-import,PyPI,1,,4.8,cvss-lib(v4),1.0,1.0,"A vulnerability, which was classified as problematic, has been found in PyTorch 2.6.0. This issue affects the function torch.cuda.memory.caching_allocator_delete of the file c10/cuda/CUDACachingAll...",https://vuldb.com/?id.303041
4.7,MEDIUM,DEBIAN-CVE-2006-7254,,glibc,,False,system,shared-lib,Debian,2,matplotlib;torch,5.5,cvss-lib(v3),0.85,1.0,"The nscd daemon in the GNU C Library (glibc) before version 2.5 does not close incoming client sockets if they cannot be handled by the daemon, allowing local users to carry out a denial of service...",https://security-tracker.debian.org/tracker/CVE-2006-7254
4.7,MEDIUM,DEBIAN-CVE-2015-20109,,glibc,,False,system,shared-lib,Debian,2,matplotlib;torch,5.5,cvss-lib(v3),0.85,1.0,"end_pattern (called from internal_fnmatch) in the GNU C Library (aka glibc or libc6) before 2.22 might allow context-dependent attackers to cause a denial of service (application crash), as demonst...",https://security-tracker.debian.org/tracker/CVE-2015-20109
4.7,MEDIUM,DEBIAN-CVE-2015-8777,,glibc,,False,system,shared-lib,Debian,2,matplotlib;torch,5.5,cvss-lib(v3),0.85,1.0,The process_envvars function in elf/rtld.c in the GNU C Library (aka glibc or libc6) before 2.23 allows local users to bypass a pointer-guarding protection mechanism via a zero value of the LD_POIN...,https://security-tracker.debian.org/tracker/CVE-2015-8777
4.7,MEDIUM,DEBIAN-CVE-2019-7309,,glibc,,False,system,shared-lib,Debian,2,matplotlib;torch,5.5,cvss-lib(v3),0.85,1.0,"In the GNU C Library (aka glibc or libc6) through 2.29, the memcmp function for the x32 architecture can incorrectly return zero (indicating that the inputs are equal) because the RDX most signific...",https://security-tracker.debian.org/tracker/CVE-2019-7309
4.5,MEDIUM,DEBIAN-CVE-2016-10739,,glibc,,False,system,shared-lib,Debian,2,matplotlib;torch,5.3,cvss-lib(v3),0.85,1.0,"In the GNU C Library (aka glibc or libc6) through 2.28, the getaddrinfo function would successfully parse a string that contained an IPv4 address followed by whitespace and arbitrary characters, wh...",https://security-tracker.debian.org/tracker/CVE-2016-10739
4.5,MEDIUM,DEBIAN-CVE-2019-1010024,,glibc,,False,system,shared-lib,Debian,2,matplotlib;torch,5.3,cvss-lib(v3),0.85,1.0,"GNU Libc current is affected by: Mitigation bypass. The impact is: Attacker may bypass ASLR using cache of thread stack and heap. The component is: glibc. NOTE: Upstream comments indicate ""this is ...",https://security-tracker.debian.org/tracker/CVE-2019-1010024
4.5,MEDIUM,DEBIAN-CVE-2019-1010025,,glibc,,False,system,shared-lib,Debian,2,matplotlib;torch,5.3,cvss-lib(v3),0.85,1.0,"GNU Libc current is affected by: Mitigation bypass. The impact is: Attacker may guess the heap addresses of pthread_created thread. The component is: glibc. NOTE: the vendor's position is ""ASLR byp...",https://security-tracker.debian.org/tracker/CVE-2019-1010025
4.2,MEDIUM,DEBIAN-CVE-2002-0651,,glibc,,False,system,shared-lib,Debian,2,matplotlib;torch,5.0,unknown,0.85,1.0,"Buffer overflow in the DNS resolver code used in libc, glibc, and libbind, as derived from ISC BIND, allows remote malicious DNS servers to cause a denial of service and possibly execute arbitrary ...",https://security-tracker.debian.org/tracker/CVE-2002-0651
4.2,MEDIUM,DEBIAN-CVE-2002-0684,,glibc,,False,system,shared-lib,Debian,2,matplotlib;torch,5.0,unknown,0.85,1.0,"Buffer overflow in DNS resolver functions that perform lookup of network names and addresses, as used in BIND 4.9.8 and ported to glibc 2.2.5 and earlier, allows remote malicious DNS servers to exe...",https://security-tracker.debian.org/tracker/CVE-2002-0684
4.2,MEDIUM,DEBIAN-CVE-2002-1146,,glibc,,False,system,shared-lib,Debian,2,matplotlib;torch,5.0,unknown,0.85,1.0,"The BIND 4 and BIND 8.2.x stub resolver libraries, and other libraries such as glibc 2.2.5 and earlier, libc, and libresolv, use the maximum buffer size instead of the actual size when processing a...",https://security-tracker.debian.org/tracker/CVE-2002-1146
4.2,MEDIUM,DEBIAN-CVE-2003-0028,,glibc,,False,system,shared-lib,Debian,2,matplotlib;torch,5.0,unknown,0.85,1.0,"Integer overflow in the xdrmem_getbytes() function, and possibly other functions, of XDR (external data representation) libraries derived from SunRPC, including libnsl, libc, glibc, and dietlibc, a...",https://security-tracker.debian.org/tracker/CVE-2003-0028
4.2,MEDIUM,DEBIAN-CVE-2003-0689,,glibc,,False,system,shared-lib,Debian,2,matplotlib;torch,5.0,unknown,0.85,1.0,The getgrouplist function in GNU libc (glibc) 2.2.4 and earlier allows attackers to cause a denial of service (segmentation fault) and execute arbitrary code when a user is a member of a large numb...,https://security-tracker.debian.org/tracker/CVE-2003-0689
4.2,MEDIUM,DEBIAN-CVE-2004-0968,,glibc,,False,system,shared-lib,Debian,2,matplotlib;torch,5.0,unknown,0.85,1.0,The catchsegv script in glibc 2.3.2 and earlier allows local users to overwrite files via a symlink attack on temporary files.,https://security-tracker.debian.org/tracker/CVE-2004-0968
4.2,MEDIUM,DEBIAN-CVE-2004-1382,,glibc,,False,system,shared-lib,Debian,2,matplotlib;torch,5.0,unknown,0.85,1.0,"The glibcbug script in glibc 2.3.4 and earlier allows local users to overwrite arbitrary files via a symlink attack on temporary files, a different vulnerability than CVE-2004-0968.",https://security-tracker.debian.org/tracker/CVE-2004-1382
4.2,MEDIUM,DEBIAN-CVE-2004-1453,,glibc,,False,system,shared-lib,Debian,2,matplotlib;torch,5.0,unknown,0.85,1.0,"GNU glibc 2.3.4 before 2.3.4.20040619, 2.3.3 before 2.3.3.20040420, and 2.3.2 before 2.3.2-r10 does not restrict the use of LD_DEBUG for a setuid program, which allows local users to gain sensitive...",https://security-tracker.debian.org/tracker/CVE-2004-1453
4.2,MEDIUM,DEBIAN-CVE-2007-3508,,glibc,,False,system,shared-lib,Debian,2,matplotlib;torch,5.0,unknown,0.85,1.0,Integer overflow in the process_envvars function in elf/rtld.c in glibc before 2.5-rc4 might allow local users to execute arbitrary code via a large LD_HWCAP_MASK environment variable value.  NOTE:...,https://security-tracker.debian.org/tracker/CVE-2007-3508
4.2,MEDIUM,DEBIAN-CVE-2007-4840,,glibc,,False,system,shared-lib,Debian,2,matplotlib;torch,5.0,unknown,0.85,1.0,PHP 5.2.4 and earlier allows context-dependent attackers to cause a denial of service (application crash) via (1) a long string in the out_charset parameter to the iconv function; or a long string ...,https://security-tracker.debian.org/tracker/CVE-2007-4840
4.2,MEDIUM,DEBIAN-CVE-2008-0122,,glibc,,False,system,shared-lib,Debian,2,matplotlib;torch,5.0,unknown,0.85,1.0,"Off-by-one error in the inet_network function in libbind in ISC BIND 9.4.2 and earlier, as used in libc in FreeBSD 6.2 through 7.0-PRERELEASE, allows context-dependent attackers to cause a denial o...",https://security-tracker.debian.org/tracker/CVE-2008-0122
4.2,MEDIUM,DEBIAN-CVE-2008-1367,,glibc,,False,system,shared-lib,Debian,2,matplotlib;torch,5.0,unknown,0.85,1.0,"gcc 4.3.x does not generate a cld instruction while compiling functions used for string manipulation such as memcpy and memmove on x86 and i386, which can prevent the direction flag (DF) from being...",https://security-tracker.debian.org/tracker/CVE-2008-1367
4.2,MEDIUM,DEBIAN-CVE-2008-1391,,glibc,,False,system,shared-lib,Debian,2,matplotlib;torch,5.0,unknown,0.85,1.0,"Multiple integer overflows in libc in NetBSD 4.x, FreeBSD 6.x and 7.x, and probably other BSD and Apple Mac OS platforms allow context-dependent attackers to execute arbitrary code via large values...",https://security-tracker.debian.org/tracker/CVE-2008-1391
4.2,MEDIUM,DEBIAN-CVE-2009-4880,,glibc,,False,system,shared-lib,Debian,2,matplotlib;torch,5.0,unknown,0.85,1.0,Multiple integer overflows in the strfmon implementation in the GNU C Library (aka glibc or libc6) 2.10.1 and earlier allow context-dependent attackers to cause a denial of service (memory consumpt...,https://security-tracker.debian.org/tracker/CVE-2009-4880
4.2,MEDIUM,DEBIAN-CVE-2009-4881,,glibc,,False,system,shared-lib,Debian,2,matplotlib;torch,5.0,unknown,0.85,1.0,Integer overflow in the __vstrfmon_l function in stdlib/strfmon_l.c in the strfmon implementation in the GNU C Library (aka glibc or libc6) before 2.10.1 allows context-dependent attackers to cause...,https://security-tracker.debian.org/tracker/CVE-2009-4881
4.2,MEDIUM,DEBIAN-CVE-2009-5029,,glibc,,False,system,shared-lib,Debian,2,matplotlib;torch,5.0,unknown,0.85,1.0,Integer overflow in the __tzfile_read function in glibc before 2.15 allows context-dependent attackers to cause a denial of service (crash) and possibly execute arbitrary code via a crafted timezon...,https://security-tracker.debian.org/tracker/CVE-2009-5029
4.2,MEDIUM,DEBIAN-CVE-2009-5064,,glibc,,False,system,shared-lib,Debian,2,matplotlib;torch,5.0,unknown,0.85,1.0,ldd in the GNU C Library (aka glibc or libc6) 2.13 and earlier allows local users to gain privileges via a Trojan horse executable file linked with a modified loader that omits certain LD_TRACE_LOA...,https://security-tracker.debian.org/tracker/CVE-2009-5064
4.2,MEDIUM,DEBIAN-CVE-2010-0015,,glibc,,False,system,shared-lib,Debian,2,matplotlib;torch,5.0,unknown,0.85,1.0,"nis/nss_nis/nis-pwd.c in the GNU C Library (aka glibc or libc6) 2.7 and Embedded GLIBC (EGLIBC) 2.10.2 adds information from the passwd.adjunct.byname map to entries in the passwd map, which allows...",https://security-tracker.debian.org/tracker/CVE-2010-0015
4.2,MEDIUM,DEBIAN-CVE-2010-0296,,glibc,,False,system,shared-lib,Debian,2,matplotlib;torch,5.0,unknown,0.85,1.0,"The encode_name macro in misc/mntent_r.c in the GNU C Library (aka glibc or libc6) 2.11.1 and earlier, as used by ncpmount and mount.cifs, does not properly handle newline characters in mountpoint ...",https://security-tracker.debian.org/tracker/CVE-2010-0296
4.2,MEDIUM,DEBIAN-CVE-2010-0830,,glibc,,False,system,shared-lib,Debian,2,matplotlib;torch,5.0,unknown,0.85,1.0,"Integer signedness error in the elf_get_dynamic_info function in elf/dynamic-link.h in ld.so in the GNU C Library (aka glibc or libc6) 2.0.1 through 2.11.1, when the --verify option is used, allows...",https://security-tracker.debian.org/tracker/CVE-2010-0830
4.2,MEDIUM,DEBIAN-CVE-2010-3847,,glibc,,False,system,shared-lib,Debian,2,matplotlib;torch,5.0,unknown,0.85,1.0,"elf/dl-load.c in ld.so in the GNU C Library (aka glibc or libc6) through 2.11.2, and 2.12.x through 2.12.1, does not properly handle a value of $ORIGIN for the LD_AUDIT environment variable, which ...",https://security-tracker.debian.org/tracker/CVE-2010-3847
4.2,MEDIUM,DEBIAN-CVE-2010-3856,,glibc,,False,system,shared-lib,Debian,2,matplotlib;torch,5.0,unknown,0.85,1.0,"ld.so in the GNU C Library (aka glibc or libc6) before 2.11.3, and 2.12.x before 2.12.2, does not properly restrict use of the LD_AUDIT environment variable to reference dynamic shared objects (DSO...",https://security-tracker.debian.org/tracker/CVE-2010-3856
4.2,MEDIUM,DEBIAN-CVE-2010-4051,,glibc,,False,system,shared-lib,Debian,2,matplotlib;torch,5.0,unknown,0.85,1.0,"The regcomp implementation in the GNU C Library (aka glibc or libc6) through 2.11.3, and 2.12.x through 2.12.2, allows context-dependent attackers to cause a denial of service (application crash) v...",https://security-tracker.debian.org/tracker/CVE-2010-4051
4.2,MEDIUM,DEBIAN-CVE-2010-4052,,glibc,,False,system,shared-lib,Debian,2,matplotlib;torch,5.0,unknown,0.85,1.0,"Stack consumption vulnerability in the regcomp implementation in the GNU C Library (aka glibc or libc6) through 2.11.3, and 2.12.x through 2.12.2, allows context-dependent attackers to cause a deni...",https://security-tracker.debian.org/tracker/CVE-2010-4052
4.2,MEDIUM,DEBIAN-CVE-2010-4756,,glibc,,False,system,shared-lib,Debian,2,matplotlib;torch,5.0,unknown,0.85,1.0,The glob implementation in the GNU C Library (aka glibc or libc6) allows remote authenticated users to cause a denial of service (CPU and memory consumption) via crafted glob expressions that do no...,https://security-tracker.debian.org/tracker/CVE-2010-4756
4.2,MEDIUM,DEBIAN-CVE-2011-1071,,glibc,,False,system,shared-lib,Debian,2,matplotlib;torch,5.0,unknown,0.85,1.0,The GNU C Library (aka glibc or libc6) before 2.12.2 and Embedded GLIBC (EGLIBC) allow context-dependent attackers to execute arbitrary code or cause a denial of service (memory consumption) via a ...,https://security-tracker.debian.org/tracker/CVE-2011-1071
4.2,MEDIUM,DEBIAN-CVE-2011-1089,,glibc,,False,system,shared-lib,Debian,2,matplotlib;torch,5.0,unknown,0.85,1.0,"The addmntent function in the GNU C Library (aka glibc or libc6) 2.13 and earlier does not report an error status for failed attempts to write to the /etc/mtab file, which makes it easier for local...",https://security-tracker.debian.org/tracker/CVE-2011-1089
4.2,MEDIUM,DEBIAN-CVE-2011-1095,,glibc,,False,system,shared-lib,Debian,2,matplotlib;torch,5.0,unknown,0.85,1.0,"locale/programs/locale.c in locale in the GNU C Library (aka glibc or libc6) before 2.13 does not quote its output, which might allow local users to gain privileges via a crafted localization envir...",https://security-tracker.debian.org/tracker/CVE-2011-1095
4.2,MEDIUM,DEBIAN-CVE-2011-1659,,glibc,,False,system,shared-lib,Debian,2,matplotlib;torch,5.0,unknown,0.85,1.0,Integer overflow in posix/fnmatch.c in the GNU C Library (aka glibc or libc6) 2.13 and earlier allows context-dependent attackers to cause a denial of service (application crash) via a long UTF8 st...,https://security-tracker.debian.org/tracker/CVE-2011-1659
4.2,MEDIUM,DEBIAN-CVE-2012-3404,,glibc,,False,system,shared-lib,Debian,2,matplotlib;torch,5.0,unknown,0.85,1.0,"The vfprintf function in stdio-common/vfprintf.c in libc in GNU C Library (aka glibc) 2.12 and other versions does not properly calculate a buffer length, which allows context-dependent attackers t...",https://security-tracker.debian.org/tracker/CVE-2012-3404
4.2,MEDIUM,DEBIAN-CVE-2012-3405,,glibc,,False,system,shared-lib,Debian,2,matplotlib;torch,5.0,unknown,0.85,1.0,"The vfprintf function in stdio-common/vfprintf.c in libc in GNU C Library (aka glibc) 2.14 and other versions does not properly calculate a buffer length, which allows context-dependent attackers t...",https://security-tracker.debian.org/tracker/CVE-2012-3405
4.2,MEDIUM,DEBIAN-CVE-2012-3406,,glibc,,False,system,shared-lib,Debian,2,matplotlib;torch,5.0,unknown,0.85,1.0,"The vfprintf function in stdio-common/vfprintf.c in GNU C Library (aka glibc) 2.5, 2.12, and probably other versions does not ""properly restrict the use of"" the alloca function when allocating the ...",https://security-tracker.debian.org/tracker/CVE-2012-3406
4.2,MEDIUM,DEBIAN-CVE-2012-3480,,glibc,,False,system,shared-lib,Debian,2,matplotlib;torch,5.0,unknown,0.85,1.0,"Multiple integer overflows in the (1) strtod, (2) strtof, (3) strtold, (4) strtod_l, and other unspecified ""related functions"" in stdlib in GNU C Library (aka glibc or libc6) 2.16 allow local users...",https://security-tracker.debian.org/tracker/CVE-2012-3480
4.2,MEDIUM,DEBIAN-CVE-2012-4412,,glibc,,False,system,shared-lib,Debian,2,matplotlib;torch,5.0,unknown,0.85,1.0,Integer overflow in string/strcoll_l.c in the GNU C Library (aka glibc or libc6) 2.17 and earlier allows context-dependent attackers to cause a denial of service (crash) or possibly execute arbitra...,https://security-tracker.debian.org/tracker/CVE-2012-4412
4.2,MEDIUM,DEBIAN-CVE-2012-4424,,glibc,,False,system,shared-lib,Debian,2,matplotlib;torch,5.0,unknown,0.85,1.0,Stack-based buffer overflow in string/strcoll_l.c in the GNU C Library (aka glibc or libc6) 2.17 and earlier allows context-dependent attackers to cause a denial of service (crash) or possibly exec...,https://security-tracker.debian.org/tracker/CVE-2012-4424
4.2,MEDIUM,DEBIAN-CVE-2012-6656,,glibc,,False,system,shared-lib,Debian,2,matplotlib;torch,5.0,unknown,0.85,1.0,"iconvdata/ibm930.c in GNU C Library (aka glibc) before 2.16 allows context-dependent attackers to cause a denial of service (out-of-bounds read) via a multibyte character value of ""0xffff"" to the i...",https://security-tracker.debian.org/tracker/CVE-2012-6656
4.2,MEDIUM,DEBIAN-CVE-2013-0242,,glibc,,False,system,shared-lib,Debian,2,matplotlib;torch,5.0,unknown,0.85,1.0,"Buffer overflow in the extend_buffers function in the regular expression matcher (posix/regexec.c) in glibc, possibly 2.17 and earlier, allows context-dependent attackers to cause a denial of servi...",https://security-tracker.debian.org/tracker/CVE-2013-0242
4.2,MEDIUM,DEBIAN-CVE-2013-1914,,glibc,,False,system,shared-lib,Debian,2,matplotlib;torch,5.0,unknown,0.85,1.0,Stack-based buffer overflow in the getaddrinfo function in sysdeps/posix/getaddrinfo.c in GNU C Library (aka glibc or libc6) 2.17 and earlier allows remote attackers to cause a denial of service (c...,https://security-tracker.debian.org/tracker/CVE-2013-1914
4.2,MEDIUM,DEBIAN-CVE-2013-2207,,glibc,,False,system,shared-lib,Debian,2,matplotlib;torch,5.0,unknown,0.85,1.0,"pt_chown in GNU C Library (aka glibc or libc6) before 2.18 does not properly check permissions for tty files, which allows local users to change the permission on the files and obtain access to arb...",https://security-tracker.debian.org/tracker/CVE-2013-2207
4.2,MEDIUM,DEBIAN-CVE-2013-4237,,glibc,,False,system,shared-lib,Debian,2,matplotlib;torch,5.0,unknown,0.85,1.0,sysdeps/posix/readdir_r.c in the GNU C Library (aka glibc or libc6) 2.18 and earlier allows context-dependent attackers to cause a denial of service (out-of-bounds write and crash) or possibly exec...,https://security-tracker.debian.org/tracker/CVE-2013-4237
4.2,MEDIUM,DEBIAN-CVE-2013-4332,,glibc,,False,system,shared-lib,Debian,2,matplotlib;torch,5.0,unknown,0.85,1.0,Multiple integer overflows in malloc/malloc.c in the GNU C Library (aka glibc or libc6) 2.18 and earlier allow context-dependent attackers to cause a denial of service (heap corruption) via a large...,https://security-tracker.debian.org/tracker/CVE-2013-4332
4.2,MEDIUM,DEBIAN-CVE-2013-4458,,glibc,,False,system,shared-lib,Debian,2,matplotlib;torch,5.0,unknown,0.85,1.0,Stack-based buffer overflow in the getaddrinfo function in sysdeps/posix/getaddrinfo.c in GNU C Library (aka glibc or libc6) 2.18 and earlier allows remote attackers to cause a denial of service (c...,https://security-tracker.debian.org/tracker/CVE-2013-4458
4.2,MEDIUM,DEBIAN-CVE-2013-4788,,glibc,,False,system,shared-lib,Debian,2,matplotlib;torch,5.0,unknown,0.85,1.0,"The PTR_MANGLE implementation in the GNU C Library (aka glibc or libc6) 2.4, 2.17, and earlier, and Embedded GLIBC (EGLIBC) does not initialize the random value for the pointer guard, which makes i...",https://security-tracker.debian.org/tracker/CVE-2013-4788
4.2,MEDIUM,DEBIAN-CVE-2013-7423,,glibc,,False,system,shared-lib,Debian,2,matplotlib;torch,5.0,unknown,0.85,1.0,"The send_dg function in resolv/res_send.c in GNU C Library (aka glibc or libc6) before 2.20 does not properly reuse file descriptors, which allows remote attackers to send DNS queries to unintended...",https://security-tracker.debian.org/tracker/CVE-2013-7423
4.2,MEDIUM,DEBIAN-CVE-2013-7424,,glibc,,False,system,shared-lib,Debian,2,matplotlib;torch,5.0,unknown,0.85,1.0,"The getaddrinfo function in glibc before 2.15, when compiled with libidn and the AI_IDN flag is used, allows context-dependent attackers to cause a denial of service (invalid free) and possibly exe...",https://security-tracker.debian.org/tracker/CVE-2013-7424
4.2,MEDIUM,DEBIAN-CVE-2014-0475,,glibc,,False,system,shared-lib,Debian,2,matplotlib;torch,5.0,unknown,0.85,1.0,Multiple directory traversal vulnerabilities in GNU C Library (aka glibc or libc6) before 2.20 allow context-dependent attackers to bypass ForceCommand restrictions and possibly have other unspecif...,https://security-tracker.debian.org/tracker/CVE-2014-0475
4.2,MEDIUM,DEBIAN-CVE-2014-4043,,glibc,,False,system,shared-lib,Debian,2,matplotlib;torch,5.0,unknown,0.85,1.0,"The posix_spawn_file_actions_addopen function in glibc before 2.20 does not copy its path argument in accordance with the POSIX specification, which allows context-dependent attackers to trigger us...",https://security-tracker.debian.org/tracker/CVE-2014-4043
4.2,MEDIUM,DEBIAN-CVE-2014-5119,,glibc,,False,system,shared-lib,Debian,2,matplotlib;torch,5.0,unknown,0.85,1.0,Off-by-one error in the __gconv_translit_find function in gconv_trans.c in GNU C Library (aka glibc) allows context-dependent attackers to cause a denial of service (crash) or execute arbitrary cod...,https://security-tracker.debian.org/tracker/CVE-2014-5119
4.2,MEDIUM,DEBIAN-CVE-2014-6040,,glibc,,False,system,shared-lib,Debian,2,matplotlib;torch,5.0,unknown,0.85,1.0,"GNU C Library (aka glibc) before 2.20 allows context-dependent attackers to cause a denial of service (out-of-bounds read and crash) via a multibyte character value of ""0xffff"" to the iconv functio...",https://security-tracker.debian.org/tracker/CVE-2014-6040
4.2,MEDIUM,DEBIAN-CVE-2014-7817,,glibc,,False,system,shared-lib,Debian,2,matplotlib;torch,5.0,unknown,0.85,1.0,"The wordexp function in GNU C Library (aka glibc) 2.21 does not enforce the WRDE_NOCMD flag, which allows context-dependent attackers to execute arbitrary commands, as demonstrated by input contain...",https://security-tracker.debian.org/tracker/CVE-2014-7817
4.2,MEDIUM,DEBIAN-CVE-2014-8121,,glibc,,False,system,shared-lib,Debian,2,matplotlib;torch,5.0,unknown,0.85,1.0,"DB_LOOKUP in nss_files/files-XXX.c in the Name Service Switch (NSS) in GNU C Library (aka glibc or libc6) 2.21 and earlier does not properly check if a file is open, which allows remote attackers t...",https://security-tracker.debian.org/tracker/CVE-2014-8121
4.2,MEDIUM,DEBIAN-CVE-2014-9402,,glibc,,False,system,shared-lib,Debian,2,matplotlib;torch,5.0,unknown,0.85,1.0,"The nss_dns implementation of getnetbyname in GNU C Library (aka glibc) before 2.21, when the DNS backend in the Name Service Switch configuration is enabled, allows remote attackers to cause a den...",https://security-tracker.debian.org/tracker/CVE-2014-9402
4.2,MEDIUM,DEBIAN-CVE-2015-0235,,glibc,,False,system,shared-lib,Debian,2,matplotlib;torch,5.0,unknown,0.85,1.0,"Heap-based buffer overflow in the __nss_hostname_digits_dots function in glibc 2.2, and other 2.x versions before 2.18, allows context-dependent attackers to execute arbitrary code via vectors rela...",https://security-tracker.debian.org/tracker/CVE-2015-0235
4.2,MEDIUM,DEBIAN-CVE-2015-1472,,glibc,,False,system,shared-lib,Debian,2,matplotlib;torch,5.0,unknown,0.85,1.0,"The ADDW macro in stdio-common/vfscanf.c in the GNU C Library (aka glibc or libc6) before 2.21 does not properly consider data-type size during memory allocation, which allows context-dependent att...",https://security-tracker.debian.org/tracker/CVE-2015-1472
4.2,MEDIUM,DEBIAN-CVE-2015-1473,,glibc,,False,system,shared-lib,Debian,2,matplotlib;torch,5.0,unknown,0.85,1.0,The ADDW macro in stdio-common/vfscanf.c in the GNU C Library (aka glibc or libc6) before 2.21 does not properly consider data-type size during a risk-management decision for use of the alloca func...,https://security-tracker.debian.org/tracker/CVE-2015-1473
4.2,MEDIUM,DEBIAN-CVE-2015-1781,,glibc,,False,system,shared-lib,Debian,2,matplotlib;torch,5.0,unknown,0.85,1.0,Buffer overflow in the gethostbyname_r and other unspecified NSS functions in the GNU C Library (aka glibc or libc6) before 2.22 allows context-dependent attackers to cause a denial of service (cra...,https://security-tracker.debian.org/tracker/CVE-2015-1781
4.2,MEDIUM,DEBIAN-CVE-2015-5277,,glibc,,False,system,shared-lib,Debian,2,matplotlib;torch,5.0,unknown,0.85,1.0,The get_contents function in nss_files/files-XXX.c in the Name Service Switch (NSS) in GNU C Library (aka glibc or libc6) before 2.20 might allow local users to cause a denial of service (heap corr...,https://security-tracker.debian.org/tracker/CVE-2015-5277
4.2,MEDIUM,DEBIAN-CVE-2017-1000366,,glibc,,False,system,shared-lib,Debian,2,matplotlib;torch,5.0,unknown,0.85,1.0,"glibc contains a vulnerability that allows specially crafted LD_LIBRARY_PATH values to manipulate the heap/stack, causing them to alias, potentially resulting in arbitrary code execution. Please no...",https://security-tracker.debian.org/tracker/CVE-2017-1000366
4.2,MEDIUM,DEBIAN-CVE-2017-1000408,,glibc,,False,system,shared-lib,Debian,2,matplotlib;torch,5.0,unknown,0.85,1.0,"A memory leak in glibc 2.1.1 (released on May 24, 1999) can be reached and amplified through the LD_HWCAP_MASK environment variable. Please note that many versions of glibc are not vulnerable to th...",https://security-tracker.debian.org/tracker/CVE-2017-1000408
4.2,MEDIUM,DEBIAN-CVE-2017-1000409,,glibc,,False,system,shared-lib,Debian,2,matplotlib;torch,5.0,unknown,0.85,1.0,"A buffer overflow in glibc 2.5 (released on September 29, 2006) and can be triggered through the LD_LIBRARY_PATH environment variable. Please note that many versions of glibc are not vulnerable to ...",https://security-tracker.debian.org/tracker/CVE-2017-1000409
4.2,MEDIUM,DEBIAN-CVE-2017-12132,,glibc,,False,system,shared-lib,Debian,2,matplotlib;torch,5.0,unknown,0.85,1.0,"The DNS stub resolver in the GNU C Library (aka glibc or libc6) before version 2.26, when EDNS support is enabled, will solicit large UDP responses from name servers, potentially simplifying off-pa...",https://security-tracker.debian.org/tracker/CVE-2017-12132
4.2,MEDIUM,DEBIAN-CVE-2017-12133,,glibc,,False,system,shared-lib,Debian,2,matplotlib;torch,5.0,unknown,0.85,1.0,Use-after-free vulnerability in the clntudp_call function in sunrpc/clnt_udp.c in the GNU C Library (aka glibc or libc6) before 2.26 allows remote attackers to have unspecified impact via vectors r...,https://security-tracker.debian.org/tracker/CVE-2017-12133
4.2,MEDIUM,DEBIAN-CVE-2017-15670,,glibc,,False,system,shared-lib,Debian,2,matplotlib;torch,5.0,unknown,0.85,1.0,"The GNU C Library (aka glibc or libc6) before 2.27 contains an off-by-one error leading to a heap-based buffer overflow in the glob function in glob.c, related to the processing of home directories...",https://security-tracker.debian.org/tracker/CVE-2017-15670
4.2,MEDIUM,DEBIAN-CVE-2017-15671,,glibc,,False,system,shared-lib,Debian,2,matplotlib;torch,5.0,unknown,0.85,1.0,"The glob function in glob.c in the GNU C Library (aka glibc or libc6) before 2.27, when invoked with GLOB_TILDE, could skip freeing allocated memory when processing the ~ operator with a long user ...",https://security-tracker.debian.org/tracker/CVE-2017-15671
4.2,MEDIUM,DEBIAN-CVE-2017-15804,,glibc,,False,system,shared-lib,Debian,2,matplotlib;torch,5.0,unknown,0.85,1.0,The glob function in glob.c in the GNU C Library (aka glibc or libc6) before 2.27 contains a buffer overflow during unescaping of user names with the ~ operator.,https://security-tracker.debian.org/tracker/CVE-2017-15804
4.2,MEDIUM,DEBIAN-CVE-2017-16997,,glibc,,False,system,shared-lib,Debian,2,matplotlib;torch,5.0,unknown,0.85,1.0,"elf/dl-load.c in the GNU C Library (aka glibc or libc6) 2.19 through 2.26 mishandles RPATH and RUNPATH containing $ORIGIN for a privileged (setuid or AT_SECURE) program, which allows local users to...",https://security-tracker.debian.org/tracker/CVE-2017-16997
4.2,MEDIUM,DEBIAN-CVE-2017-18269,,glibc,,False,system,shared-lib,Debian,2,matplotlib;torch,5.0,unknown,0.85,1.0,An SSE2-optimized memmove implementation for i386 in sysdeps/i386/i686/multiarch/memcpy-sse2-unaligned.S in the GNU C Library (aka glibc or libc6) 2.21 through 2.27 does not correctly perform the o...,https://security-tracker.debian.org/tracker/CVE-2017-18269
4.2,MEDIUM,DEBIAN-CVE-2020-10029,,glibc,,False,system,shared-lib,Debian,2,matplotlib;torch,5.0,unknown,0.85,1.0,"The GNU C Library (aka glibc or libc6) before 2.32 could overflow an on-stack buffer during range reduction if an input to an 80-bit long double function contains a non-canonical bit pattern, a see...",https://security-tracker.debian.org/tracker/CVE-2020-10029
4.2,MEDIUM,DEBIAN-CVE-2020-1751,,glibc,,False,system,shared-lib,Debian,2,matplotlib;torch,5.0,unknown,0.85,1.0,"An out-of-bounds write vulnerability was found in glibc before 2.31 when handling signal trampolines on PowerPC. Specifically, the backtrace function did not properly check the array bounds when st...",https://security-tracker.debian.org/tracker/CVE-2020-1751
4.2,MEDIUM,DEBIAN-CVE-2020-1752,,glibc,,False,system,shared-lib,Debian,2,matplotlib;torch,5.0,unknown,0.85,1.0,A use-after-free vulnerability introduced in glibc upstream version 2.14 was found in the way the tilde expansion was carried out. Directory paths containing an initial tilde followed by a valid us...,https://security-tracker.debian.org/tracker/CVE-2020-1752
4.2,MEDIUM,DEBIAN-CVE-2020-27618,,glibc,,False,system,shared-lib,Debian,2,matplotlib;torch,5.0,unknown,0.85,1.0,"The iconv function in the GNU C Library (aka glibc or libc6) 2.32 and earlier, when processing invalid multi-byte input sequences in IBM1364, IBM1371, IBM1388, IBM1390, and IBM1399 encodings, fails...",https://security-tracker.debian.org/tracker/CVE-2020-27618
4.2,MEDIUM,DEBIAN-CVE-2020-29562,,glibc,,False,system,shared-lib,Debian,2,matplotlib;torch,5.0,unknown,0.85,1.0,"The iconv function in the GNU C Library (aka glibc or libc6) 2.30 to 2.32, when converting UCS4 text containing an irreversible character, fails an assertion in the code path and aborts the program...",https://security-tracker.debian.org/tracker/CVE-2020-29562
4.2,MEDIUM,DEBIAN-CVE-2020-29573,,glibc,,False,system,shared-lib,Debian,2,matplotlib;torch,5.0,unknown,0.85,1.0,sysdeps/i386/ldbl2mpn.c in the GNU C Library (aka glibc or libc6) before 2.23 on x86 targets has a stack-based buffer overflow if the input to any of the printf family of functions is an 80-bit lon...,https://security-tracker.debian.org/tracker/CVE-2020-29573
4.2,MEDIUM,DEBIAN-CVE-2020-6096,,glibc,,False,system,shared-lib,Debian,2,matplotlib;torch,5.0,unknown,0.85,1.0,An exploitable signed comparison vulnerability exists in the ARMv7 memcpy() implementation of GNU glibc 2.30.9000. Calling memcpy() (on ARMv7 targets that utilize the GNU glibc implementation) with...,https://security-tracker.debian.org/tracker/CVE-2020-6096
4.2,MEDIUM,DEBIAN-CVE-2021-27645,,glibc,,False,system,shared-lib,Debian,2,matplotlib;torch,5.0,unknown,0.85,1.0,"The nameserver caching daemon (nscd) in the GNU C Library (aka glibc or libc6) 2.29 through 2.33, when processing a request for netgroup lookup, may crash due to a double-free, potentially resultin...",https://security-tracker.debian.org/tracker/CVE-2021-27645
4.2,MEDIUM,DEBIAN-CVE-2021-3326,,glibc,,False,system,shared-lib,Debian,2,matplotlib;torch,5.0,unknown,0.85,1.0,"The iconv function in the GNU C Library (aka glibc or libc6) 2.32 and earlier, when processing invalid input sequences in the ISO-2022-JP-3 encoding, fails an assertion in the code path and aborts ...",https://security-tracker.debian.org/tracker/CVE-2021-3326
4.2,MEDIUM,DEBIAN-CVE-2021-33574,,glibc,,False,system,shared-lib,Debian,2,matplotlib;torch,5.0,unknown,0.85,1.0,The mq_notify function in the GNU C Library (aka glibc) versions 2.32 and 2.33 has a use-after-free. It may use the notification thread attributes object (passed through its struct sigevent paramet...,https://security-tracker.debian.org/tracker/CVE-2021-33574
4.2,MEDIUM,DEBIAN-CVE-2021-35942,,glibc,,False,system,shared-lib,Debian,2,matplotlib;torch,5.0,unknown,0.85,1.0,"The wordexp function in the GNU C Library (aka glibc) through 2.33 may crash or read arbitrary memory in parse_param (in posix/wordexp.c) when called with an untrusted, crafted pattern, potentially...",https://security-tracker.debian.org/tracker/CVE-2021-35942
4.2,MEDIUM,DEBIAN-CVE-2021-3998,,glibc,,False,system,shared-lib,Debian,2,matplotlib;torch,5.0,unknown,0.85,1.0,"A flaw was found in glibc. The realpath() function can mistakenly return an unexpected value, potentially leading to information leakage and disclosure of sensitive data.",https://security-tracker.debian.org/tracker/CVE-2021-3998
4.2,MEDIUM,DEBIAN-CVE-2021-3999,,glibc,,False,system,shared-lib,Debian,2,matplotlib;torch,5.0,unknown,0.85,1.0,A flaw was found in glibc. An off-by-one buffer overflow and underflow in getcwd() may lead to memory corruption when the size of the buffer is exactly 1. A local attacker who can control the input...,https://security-tracker.debian.org/tracker/CVE-2021-3999
4.2,MEDIUM,DEBIAN-CVE-2021-43396,,glibc,,False,system,shared-lib,Debian,2,matplotlib;torch,5.0,unknown,0.85,1.0,"In iconvdata/iso-2022-jp-3.c in the GNU C Library (aka glibc) 2.34, remote attackers can force iconv() to emit a spurious '\0' character via crafted ISO-2022-JP-3 data that is accompanied by an int...",https://security-tracker.debian.org/tracker/CVE-2021-43396
4.2,MEDIUM,DEBIAN-CVE-2022-23218,,glibc,,False,system,shared-lib,Debian,2,matplotlib;torch,5.0,unknown,0.85,1.0,"The deprecated compatibility function svcunix_create in the sunrpc module of the GNU C Library (aka glibc) through 2.34 copies its path argument on the stack without validating its length, which ma...",https://security-tracker.debian.org/tracker/CVE-2022-23218
4.2,MEDIUM,DEBIAN-CVE-2022-23219,,glibc,,False,system,shared-lib,Debian,2,matplotlib;torch,5.0,unknown,0.85,1.0,"The deprecated compatibility function clnt_create in the sunrpc module of the GNU C Library (aka glibc) through 2.34 copies its hostname argument on the stack without validating its length, which m...",https://security-tracker.debian.org/tracker/CVE-2022-23219
4.2,MEDIUM,DEBIAN-CVE-2023-4527,,glibc,,False,system,shared-lib,Debian,2,matplotlib;torch,5.0,unknown,0.85,1.0,"A flaw was found in glibc. When the getaddrinfo function is called with the AF_UNSPEC address family and the system is configured with no-aaaa mode via /etc/resolv.conf, a DNS response via TCP larg...",https://security-tracker.debian.org/tracker/CVE-2023-4527
4.2,MEDIUM,DEBIAN-CVE-2023-4806,,glibc,,False,system,shared-lib,Debian,2,matplotlib;torch,5.0,unknown,0.85,1.0,"A flaw has been identified in glibc. In an extremely rare situation, the getaddrinfo function may access memory that has been freed, resulting in an application crash. This issue is only exploitabl...",https://security-tracker.debian.org/tracker/CVE-2023-4806
4.2,MEDIUM,DEBIAN-CVE-2023-4813,,glibc,,False,system,shared-lib,Debian,2,matplotlib;torch,5.0,unknown,0.85,1.0,"A flaw has been identified in glibc. In an uncommon situation, the gaih_inet function may use memory that has been freed, resulting in an application crash. This issue is only exploitable when the ...",https://security-tracker.debian.org/tracker/CVE-2023-4813
4.2,MEDIUM,DEBIAN-CVE-2023-4911,,glibc,,False,system,shared-lib,Debian,2,matplotlib;torch,5.0,unknown,0.85,1.0,A buffer overflow was discovered in the GNU C Library's dynamic loader ld.so while processing the GLIBC_TUNABLES environment variable. This issue could allow a local attacker to use maliciously cra...,https://security-tracker.debian.org/tracker/CVE-2023-4911
4.2,MEDIUM,DEBIAN-CVE-2023-5156,,glibc,,False,system,shared-lib,Debian,2,matplotlib;torch,5.0,unknown,0.85,1.0,"A flaw was found in the GNU C Library. A recent fix for CVE-2023-4806 introduced the potential for a memory leak, which may result in an application crash.",https://security-tracker.debian.org/tracker/CVE-2023-5156
4.2,MEDIUM,DEBIAN-CVE-2023-6246,,glibc,,False,system,shared-lib,Debian,2,matplotlib;torch,5.0,unknown,0.85,1.0,A heap-based buffer overflow was found in the __vsyslog_internal function of the glibc library. This function is called by the syslog and vsyslog functions. This issue occurs when the openlog funct...,https://security-tracker.debian.org/tracker/CVE-2023-6246
4.2,MEDIUM,DEBIAN-CVE-2023-6779,,glibc,,False,system,shared-lib,Debian,2,matplotlib;torch,5.0,unknown,0.85,1.0,An off-by-one heap-based buffer overflow was found in the __vsyslog_internal function of the glibc library. This function is called by the syslog and vsyslog functions. This issue occurs when these...,https://security-tracker.debian.org/tracker/CVE-2023-6779
4.2,MEDIUM,DEBIAN-CVE-2023-6780,,glibc,,False,system,shared-lib,Debian,2,matplotlib;torch,5.0,unknown,0.85,1.0,An integer overflow was found in the __vsyslog_internal function of the glibc library. This function is called by the syslog and vsyslog functions. This issue occurs when these functions are called...,https://security-tracker.debian.org/tracker/CVE-2023-6780
4.2,MEDIUM,DEBIAN-CVE-2024-2961,,glibc,,False,system,shared-lib,Debian,2,matplotlib;torch,5.0,unknown,0.85,1.0,"The iconv() function in the GNU C Library versions 2.39 and older may overflow the output buffer passed to it by up to 4 bytes when converting strings to the ISO-2022-CN-EXT character set, which ma...",https://security-tracker.debian.org/tracker/CVE-2024-2961
4.2,MEDIUM,DEBIAN-CVE-2024-33599,,glibc,,False,system,shared-lib,Debian,2,matplotlib;torch,5.0,unknown,0.85,1.0,nscd: Stack-based buffer overflow in netgroup cache  If the Name Service Cache Daemon's (nscd) fixed size cache is exhausted by client requests then a subsequent client request for netgroup data ma...,https://security-tracker.debian.org/tracker/CVE-2024-33599
4.2,MEDIUM,DEBIAN-CVE-2024-33600,,glibc,,False,system,shared-lib,Debian,2,matplotlib;torch,5.0,unknown,0.85,1.0,"nscd: Null pointer crashes after notfound response  If the Name Service Cache Daemon's (nscd) cache fails to add a not-found netgroup response to the cache, the client request can result in a null ...",https://security-tracker.debian.org/tracker/CVE-2024-33600
4.2,MEDIUM,DEBIAN-CVE-2024-33601,,glibc,,False,system,shared-lib,Debian,2,matplotlib;torch,5.0,unknown,0.85,1.0,nscd: netgroup cache may terminate daemon on memory allocation failure  The Name Service Cache Daemon's (nscd) netgroup cache uses xmalloc or xrealloc and these functions may terminate the process ...,https://security-tracker.debian.org/tracker/CVE-2024-33601
4.2,MEDIUM,DEBIAN-CVE-2024-33602,,glibc,,False,system,shared-lib,Debian,2,matplotlib;torch,5.0,unknown,0.85,1.0,nscd: netgroup cache assumes NSS callback uses in-buffer strings  The Name Service Cache Daemon's (nscd) netgroup cache can corrupt memory when the NSS callback does not store all strings in the pr...,https://security-tracker.debian.org/tracker/CVE-2024-33602
4.2,MEDIUM,DEBIAN-CVE-2025-0395,,glibc,,False,system,shared-lib,Debian,2,matplotlib;torch,5.0,unknown,0.85,1.0,"When the assert() function in the GNU C Library versions 2.13 to 2.40 fails, it does not allocate enough space for the assertion failure message string and size information, which may lead to a buf...",https://security-tracker.debian.org/tracker/CVE-2025-0395
4.2,MEDIUM,DEBIAN-CVE-2025-15281,,glibc,,False,system,shared-lib,Debian,2,matplotlib;torch,5.0,unknown,0.85,1.0,"Calling wordexp with WRDE_REUSE in conjunction with WRDE_APPEND in the GNU C Library version 2.0 to version 2.42 may cause the interface to return uninitialized memory in the we_wordv member, which...",https://security-tracker.debian.org/tracker/CVE-2025-15281
4.2,MEDIUM,DEBIAN-CVE-2025-4802,,glibc,,False,system,shared-lib,Debian,2,matplotlib;torch,5.0,unknown,0.85,1.0,Untrusted LD_LIBRARY_PATH environment variable vulnerability in the GNU C Library version 2.27 to 2.38 allows attacker controlled loading of dynamically shared library in statically compiled setuid...,https://security-tracker.debian.org/tracker/CVE-2025-4802
4.2,MEDIUM,DEBIAN-CVE-2025-5702,,glibc,,False,system,shared-lib,Debian,2,matplotlib;torch,5.0,unknown,0.85,1.0,The strcmp implementation optimized for the Power10 processor in the GNU C Library version 2.39 and later writes to vector registers v20 to v31 without saving contents from the caller (those regist...,https://security-tracker.debian.org/tracker/CVE-2025-5702
4.2,MEDIUM,DEBIAN-CVE-2025-5745,,glibc,,False,system,shared-lib,Debian,2,matplotlib;torch,5.0,unknown,0.85,1.0,The strncmp implementation optimized for the Power10 processor in the GNU C Library version 2.40 and later writes to vector registers v20 to v31 without saving contents from the caller (those regis...,https://security-tracker.debian.org/tracker/CVE-2025-5745
4.2,MEDIUM,DEBIAN-CVE-2025-8058,,glibc,,False,system,shared-lib,Debian,2,matplotlib;torch,5.0,unknown,0.85,1.0,The regcomp function in the GNU C library version from 2.4 to 2.41 is  subject to a double free if some previous allocation fails. It can be  accomplished either by a malloc failure or by using an ...,https://security-tracker.debian.org/tracker/CVE-2025-8058
4.2,MEDIUM,DEBIAN-CVE-2026-0861,,glibc,,False,system,shared-lib,Debian,2,matplotlib;torch,5.0,unknown,0.85,1.0,"Passing too large an alignment to the memalign suite of functions (memalign, posix_memalign, aligned_alloc) in the GNU C Library version 2.30 to 2.42 may result in an integer overflow, which could ...",https://security-tracker.debian.org/tracker/CVE-2026-0861
4.2,MEDIUM,DEBIAN-CVE-2026-0915,,glibc,,False,system,shared-lib,Debian,2,matplotlib;torch,5.0,unknown,0.85,1.0,Calling getnetbyaddr or getnetbyaddr_r with a configured nsswitch.conf that specifies the library's DNS backend for networks and queries for a zero-valued network in the GNU C Library version 2.0 t...,https://security-tracker.debian.org/tracker/CVE-2026-0915
4.2,MEDIUM,DEBIAN-CVE-2026-3904,,glibc,,False,system,shared-lib,Debian,2,matplotlib;torch,5.0,unknown,0.85,1.0,"Calling NSS-backed functions that support caching via nscd may call the  nscd client side code and in the GNU C Library version 2.36 under high  load on x86_64 systems, the client may call memcmp o...",https://security-tracker.debian.org/tracker/CVE-2026-3904
4.2,MEDIUM,DEBIAN-CVE-2026-4046,,glibc,,False,system,shared-lib,Debian,2,matplotlib;torch,5.0,unknown,0.85,1.0,"The iconv() function in the GNU C Library versions 2.43 and earlier may crash due to an assertion failure when converting inputs from the IBM1390 or IBM1399 character sets, which may be used to rem...",https://security-tracker.debian.org/tracker/CVE-2026-4046
4.2,MEDIUM,DEBIAN-CVE-2026-4437,,glibc,,False,system,shared-lib,Debian,2,matplotlib;torch,5.0,unknown,0.85,1.0,"Calling gethostbyaddr or gethostbyaddr_r with a configured nsswitch.conf that specifies the library's DNS backend in the GNU C Library version 2.34 to version 2.43 could, with a crafted response fr...",https://security-tracker.debian.org/tracker/CVE-2026-4437
4.2,MEDIUM,DEBIAN-CVE-2026-4438,,glibc,,False,system,shared-lib,Debian,2,matplotlib;torch,5.0,unknown,0.85,1.0,Calling gethostbyaddr or gethostbyaddr_r with a configured nsswitch.conf that specifies the library's DNS backend in the GNU C library version 2.34 to version 2.43 could result in an invalid DNS ho...,https://security-tracker.debian.org/tracker/CVE-2026-4438
4.2,MEDIUM,DEBIAN-CVE-2026-5435,,glibc,,False,system,shared-lib,Debian,2,matplotlib;torch,5.0,unknown,0.85,1.0,"The deprecated functions ns_printrrf, ns_printrr and fp_nquery in the GNU C Library version 2.2 and newer fail to enforce the caller-supplied buffer length, and can result in an out-of-bounds write...",https://security-tracker.debian.org/tracker/CVE-2026-5435
4.2,MEDIUM,DEBIAN-CVE-2026-5450,,glibc,,False,system,shared-lib,Debian,2,matplotlib;torch,5.0,unknown,0.85,1.0,Calling the scanf family of functions with a %mc (malloc'd character match) in the GNU C Library version 2.7 to version 2.43 with a format width specifier with an explicit width greater than 1024 c...,https://security-tracker.debian.org/tracker/CVE-2026-5450
4.2,MEDIUM,DEBIAN-CVE-2026-5928,,glibc,,False,system,shared-lib,Debian,2,matplotlib;torch,5.0,unknown,0.85,1.0,"Calling the ungetwc function on a FILE stream with wide characters encoded in a character set that has overlaps between its single byte and multi-byte character encodings, in the GNU C Library vers...",https://security-tracker.debian.org/tracker/CVE-2026-5928
4.2,MEDIUM,DEBIAN-CVE-2026-6238,,glibc,,False,system,shared-lib,Debian,2,matplotlib;torch,5.0,unknown,0.85,1.0,"The deprecated functions ns_printrrf, ns_printrr and fp_nquery in the GNU C Library version 2.2 and newer fail to validate the RDATA content against the RDATA length in a DNS response when processi...",https://security-tracker.debian.org/tracker/CVE-2026-6238
4.2,MEDIUM,DLA-3152-1,,glibc,,False,system,shared-lib,Debian,2,matplotlib;torch,5.0,unknown,0.85,1.0,glibc - security update,
4.2,MEDIUM,DLA-3807-1,,glibc,,False,system,shared-lib,Debian,2,matplotlib;torch,5.0,unknown,0.85,1.0,glibc - security update,
4.2,MEDIUM,DLA-3850-1,,glibc,,False,system,shared-lib,Debian,2,matplotlib;torch,5.0,unknown,0.85,1.0,glibc - security update,
4.2,MEDIUM,DLA-4143-1,,glibc,,False,system,shared-lib,Debian,2,matplotlib;torch,5.0,unknown,0.85,1.0,glibc - security update,
4.2,MEDIUM,DLA-4181-1,,glibc,,False,system,shared-lib,Debian,2,matplotlib;torch,5.0,unknown,0.85,1.0,glibc - security update,
4.2,MEDIUM,DSA-149,,glibc,,False,system,shared-lib,Debian,2,matplotlib;torch,5.0,unknown,0.85,1.0,glibc - integer overflow,
4.2,MEDIUM,DSA-1973-1,,glibc,,False,system,shared-lib,Debian,2,matplotlib;torch,5.0,unknown,0.85,1.0,glibc - information disclosure,
4.2,MEDIUM,DSA-2058-1,,glibc,,False,system,shared-lib,Debian,2,matplotlib;torch,5.0,unknown,0.85,1.0,glibc - several vulnerabilities,
4.2,MEDIUM,DSA-2122-1,,glibc,,False,system,shared-lib,Debian,2,matplotlib;torch,5.0,unknown,0.85,1.0,glibc - local privilege escalation,
4.2,MEDIUM,DSA-2122-2,,glibc,,False,system,shared-lib,Debian,2,matplotlib;torch,5.0,unknown,0.85,1.0,glibc - privilege escalation,
4.2,MEDIUM,DSA-282,,glibc,,False,system,shared-lib,Debian,2,matplotlib;torch,5.0,unknown,0.85,1.0,glibc - integer overflow,
4.2,MEDIUM,DSA-3481-1,,glibc,,False,system,shared-lib,Debian,2,matplotlib;torch,5.0,unknown,0.85,1.0,glibc - security update,
4.2,MEDIUM,DSA-3887-1,,glibc,,False,system,shared-lib,Debian,2,matplotlib;torch,5.0,unknown,0.85,1.0,glibc - security update,
4.2,MEDIUM,DSA-5514-1,,glibc,,False,system,shared-lib,Debian,2,matplotlib;torch,5.0,unknown,0.85,1.0,glibc - security update,
4.2,MEDIUM,DSA-5611-1,,glibc,,False,system,shared-lib,Debian,2,matplotlib;torch,5.0,unknown,0.85,1.0,glibc - security update,
4.2,MEDIUM,DSA-5673-1,,glibc,,False,system,shared-lib,Debian,2,matplotlib;torch,5.0,unknown,0.85,1.0,glibc - security update,
4.2,MEDIUM,DSA-5678-1,,glibc,,False,system,shared-lib,Debian,2,matplotlib;torch,5.0,unknown,0.85,1.0,glibc - security update,
4.2,MEDIUM,DSA-636-1,,glibc,,False,system,shared-lib,Debian,2,matplotlib;torch,5.0,unknown,0.85,1.0,glibc - insecure temporary files,
3.3,LOW,PYSEC-2025-210,BIT-pytorch-2025-63396;CVE-2025-63396,torch,,False,python,python-import,PyPI,1,,3.3,cvss-lib(v3),1.0,1.0,"An issue was discovered in PyTorch v2.5 and v2.7.1. Omission of profiler.stop() can cause torch.profiler.profile (PythonTracer) to crash or hang during finalization, leading to a Denial of Service ...",http://pytorch.com
2.8,LOW,DEBIAN-CVE-2019-19126,,glibc,,False,system,shared-lib,Debian,2,matplotlib;torch,3.3,cvss-lib(v3),0.85,1.0,"On the x86-64 architecture, the GNU C Library (aka glibc) before 2.31 fails to ignore the LD_PREFER_MAP_32BIT_EXEC environment variable during program execution after a security transition, allowin...",https://security-tracker.debian.org/tracker/CVE-2019-19126
2.3,LOW,GHSA-c678-jfcj-6jmf,BIT-pytorch-2025-2148;CVE-2025-2148;PYSEC-2025-189,torch,,False,python,python-import,PyPI,1,,2.3,cvss-lib(v4),1.0,1.0,PyTorch Tuple Handler is Vulnerable to Memory Corruption through Manipulation of None Argument,https://nvd.nist.gov/vuln/detail/CVE-2025-2148
2.0,LOW,GHSA-x3gm-94wq-g975,BIT-pytorch-2025-2149;CVE-2025-2149;PYSEC-2025-190,torch,,False,python,python-import,PyPI,1,,2.0,cvss-lib(v4),1.0,1.0,PyTorch: Manipulation of the argument scale/zero_point leads to improper initialization via Quantized Sigmoid Module,https://nvd.nist.gov/vuln/detail/CVE-2025-2149
2.0,LOW,PYSEC-2025-190,BIT-pytorch-2025-2149;CVE-2025-2149;GHSA-x3gm-94wq-g975,torch,,False,python,python-import,PyPI,1,,2.0,cvss-lib(v4),1.0,1.0,A vulnerability was found in PyTorch 2.6.0+cu124. It has been rated as problematic. Affected by this issue is the function nnq_Sigmoid of the component Quantized Sigmoid Module. The manipulation of...,https://vuldb.com/?id.299060
1.9,LOW,GHSA-3749-ghw9-m3mg,BIT-pytorch-2025-2953;CVE-2025-2953;PYSEC-2025-191,torch,,False,python,python-import,PyPI,1,,1.9,cvss-lib(v4),1.0,1.0,PyTorch susceptible to local Denial of Service,https://nvd.nist.gov/vuln/detail/CVE-2025-2953
1.9,LOW,GHSA-qfhq-4f3w-5fph,BIT-pytorch-2025-3001;CVE-2025-3001;PYSEC-2025-195,torch,,False,python,python-import,PyPI,1,,1.9,cvss-lib(v4),1.0,1.0,PyTorch is vulnerable to memory corruption through its torch.lstm_cell function,https://nvd.nist.gov/vuln/detail/CVE-2025-3001
1.9,LOW,GHSA-rrmf-rvhw-rf47,BIT-pytorch-2025-3000;CVE-2025-3000;PYSEC-2025-194,torch,,False,python,python-import,PyPI,1,,1.9,cvss-lib(v4),1.0,1.0,PyTorch is vulnerable to memory corruption through its torch.jit.script function,https://nvd.nist.gov/vuln/detail/CVE-2025-3000
